Workbook

Sheet TECHX_Clinics
A1: BM TECHX | CLINIC OUTREACH + AUDIT TRACKER
A2: Manual audit scores auto-calculate grade | HOT = immediate outreach | ABM Groups
A3: # | B3: Clinic Name | C3: Specialty | D3: Doctor Name | E3: Phone | F3: WA Number | G3: Area | H3: City | I3: Maps Link | J3: GMB Exists | K3: GMB Reviews | L3: GMB Last Post | M3: GMB Photos | N3: Website | O3: Insta Exists | P3: Insta Followers | Q3: Insta Last Post | R3: Running Ads | S3: AUDIT SCORE | T3: GRADE | U3: WA M1 Date | V3: WA M2 Date | W3: WA M3 Date | X3: WA M4 Date | Y3: Replied? | Z3: Call Done? | AA3: Proposal Sent | AB3: Package | AC3: Closure | AD3: n8n Status | AE3: Notes
A4: 1 | B4: Bright Smile Dental | C4: Dental | D4: Dr. Ramesh | E4: 94XXXXXXXX | F4: 94XXXXXXXX | G4: Anna Nagar | H4: Pondicherry | I4: maps.google.com | J4: Y | K4: 18 | L4: Inactive | M4: 8 | N4: N | O4: Y | P4: 220 | Q4: 3 weeks ago | R4: N | S4: =IF(J4="Y",1,0)+IF(K4<30,3,IF(K4<60,2,IF(K4<100,1,0)))+IF(L4="",2,IF(L4="Active",0,1))+IF(M4<10,2,IF(M4<20,1,0))+IF(N4="N",2,IF(N4="Outdated",1,0))+IF(O4="Y",0,1)+IF(P4<500,2,IF(P4<1000,1,0))+IF(Q4="",1,0)+IF(R4="N",2,0) | T4: =IF(S4>=10,"🔥 HOT",IF(S4>=6,"✅ OPPORTUNITY","⏭️ SKIP")) | Y4: No | Z4: No | AA4: No | AC4: None | AD4: SEND
A5: 2 | B5: Glowing Skin Clinic | C5: Dermatology | D5: Dr. Priya | E5: 98XXXXXXXX | F5: 98XXXXXXXX | G5: White Town | H5: Pondicherry | J5: Y | K5: 45 | L5: Active | M5: 22 | N5: Y | O5: Y | P5: 890 | Q5: 1 week ago | R5: Y | S5: =IF(J5="Y",1,0)+IF(K5<30,3,IF(K5<60,2,IF(K5<100,1,0)))+IF(L5="",2,IF(L5="Active",0,1))+IF(M5<10,2,IF(M5<20,1,0))+IF(N5="N",2,IF(N5="Outdated",1,0))+IF(O5="Y",0,1)+IF(P5<500,2,IF(P5<1000,1,0))+IF(Q5="",1,0)+IF(R5="N",2,0) | T5: =IF(S5>=10,"🔥 HOT",IF(S5>=6,"✅ OPPORTUNITY","⏭️ SKIP")) | Y5: No | Z5: No | AA5: No | AC5: None | AD5: HOLD | AE5: Already running ads
A6: 3 | B6: PhysioFit Centre | C6: Physiotherapy | D6: Dr. Anand | E6: 90XXXXXXXX | F6: 90XXXXXXXX | G6: Lawspet | H6: Pondicherry | J6: N | K6: 0 | M6: 0 | N6: N | O6: N | P6: 0 | R6: N | S6: =IF(J6="Y",1,0)+IF(K6<30,3,IF(K6<60,2,IF(K6<100,1,0)))+IF(L6="",2,IF(L6="Active",0,1))+IF(M6<10,2,IF(M6<20,1,0))+IF(N6="N",2,IF(N6="Outdated",1,0))+IF(O6="Y",0,1)+IF(P6<500,2,IF(P6<1000,1,0))+IF(Q6="",1,0)+IF(R6="N",2,0) | T6: =IF(S6>=10,"🔥 HOT",IF(S6>=6,"✅ OPPORTUNITY","⏭️ SKIP")) | Y6: No | Z6: No | AA6: No | AC6: None | AD6: SEND | AE6: No GMB at all
A7: 4 | S7: =IF(J7="Y",1,0)+IF(K7<30,3,IF(K7<60,2,IF(K7<100,1,0)))+IF(L7="",2,IF(L7="Active",0,1))+IF(M7<10,2,IF(M7<20,1,0))+IF(N7="N",2,IF(N7="Outdated",1,0))+IF(O7="Y",0,1)+IF(P7<500,2,IF(P7<1000,1,0))+IF(Q7="",1,0)+IF(R7="N",2,0) | T7: =IF(S7>=10,"🔥 HOT",IF(S7>=6,"✅ OPPORTUNITY","⏭️ SKIP"))
A8: 5 | S8: =IF(J8="Y",1,0)+IF(K8<30,3,IF(K8<60,2,IF(K8<100,1,0)))+IF(L8="",2,IF(L8="Active",0,1))+IF(M8<10,2,IF(M8<20,1,0))+IF(N8="N",2,IF(N8="Outdated",1,0))+IF(O8="Y",0,1)+IF(P8<500,2,IF(P8<1000,1,0))+IF(Q8="",1,0)+IF(R8="N",2,0) | T8: =IF(S8>=10,"🔥 HOT",IF(S8>=6,"✅ OPPORTUNITY","⏭️ SKIP"))
A9: 6 | S9: =IF(J9="Y",1,0)+IF(K9<30,3,IF(K9<60,2,IF(K9<100,1,0)))+IF(L9="",2,IF(L9="Active",0,1))+IF(M9<10,2,IF(M9<20,1,0))+IF(N9="N",2,IF(N9="Outdated",1,0))+IF(O9="Y",0,1)+IF(P9<500,2,IF(P9<1000,1,0))+IF(Q9="",1,0)+IF(R9="N",2,0) | T9: =IF(S9>=10,"🔥 HOT",IF(S9>=6,"✅ OPPORTUNITY","⏭️ SKIP"))
A10: 7 | S10: =IF(J10="Y",1,0)+IF(K10<30,3,IF(K10<60,2,IF(K10<100,1,0)))+IF(L10="",2,IF(L10="Active",0,1))+IF(M10<10,2,IF(M10<20,1,0))+IF(N10="N",2,IF(N10="Outdated",1,0))+IF(O10="Y",0,1)+IF(P10<500,2,IF(P10<1000,1,0))+IF(Q10="",1,0)+IF(R10="N",2,0) | T10: =IF(S10>=10,"🔥 HOT",IF(S10>=6,"✅ OPPORTUNITY","⏭️ SKIP"))
A11: 8 | S11: =IF(J11="Y",1,0)+IF(K11<30,3,IF(K11<60,2,IF(K11<100,1,0)))+IF(L11="",2,IF(L11="Active",0,1))+IF(M11<10,2,IF(M11<20,1,0))+IF(N11="N",2,IF(N11="Outdated",1,0))+IF(O11="Y",0,1)+IF(P11<500,2,IF(P11<1000,1,0))+IF(Q11="",1,0)+IF(R11="N",2,0) | T11: =IF(S11>=10,"🔥 HOT",IF(S11>=6,"✅ OPPORTUNITY","⏭️ SKIP"))
A12: 9 | S12: =IF(J12="Y",1,0)+IF(K12<30,3,IF(K12<60,2,IF(K12<100,1,0)))+IF(L12="",2,IF(L12="Active",0,1))+IF(M12<10,2,IF(M12<20,1,0))+IF(N12="N",2,IF(N12="Outdated",1,0))+IF(O12="Y",0,1)+IF(P12<500,2,IF(P12<1000,1,0))+IF(Q12="",1,0)+IF(R12="N",2,0) | T12: =IF(S12>=10,"🔥 HOT",IF(S12>=6,"✅ OPPORTUNITY","⏭️ SKIP"))
A13: 10 | S13: =IF(J13="Y",1,0)+IF(K13<30,3,IF(K13<60,2,IF(K13<100,1,0)))+IF(L13="",2,IF(L13="Active",0,1))+IF(M13<10,2,IF(M13<20,1,0))+IF(N13="N",2,IF(N13="Outdated",1,0))+IF(O13="Y",0,1)+IF(P13<500,2,IF(P13<1000,1,0))+IF(Q13="",1,0)+IF(R13="N",2,0) | T13: =IF(S13>=10,"🔥 HOT",IF(S13>=6,"✅ OPPORTUNITY","⏭️ SKIP"))
A14: 11 | S14: =IF(J14="Y",1,0)+IF(K14<30,3,IF(K14<60,2,IF(K14<100,1,0)))+IF(L14="",2,IF(L14="Active",0,1))+IF(M14<10,2,IF(M14<20,1,0))+IF(N14="N",2,IF(N14="Outdated",1,0))+IF(O14="Y",0,1)+IF(P14<500,2,IF(P14<1000,1,0))+IF(Q14="",1,0)+IF(R14="N",2,0) | T14: =IF(S14>=10,"🔥 HOT",IF(S14>=6,"✅ OPPORTUNITY","⏭️ SKIP"))
A15: 12 | S15: =IF(J15="Y",1,0)+IF(K15<30,3,IF(K15<60,2,IF(K15<100,1,0)))+IF(L15="",2,IF(L15="Active",0,1))+IF(M15<10,2,IF(M15<20,1,0))+IF(N15="N",2,IF(N15="Outdated",1,0))+IF(O15="Y",0,1)+IF(P15<500,2,IF(P15<1000,1,0))+IF(Q15="",1,0)+IF(R15="N",2,0) | T15: =IF(S15>=10,"🔥 HOT",IF(S15>=6,"✅ OPPORTUNITY","⏭️ SKIP"))
A16: 13 | S16: =IF(J16="Y",1,0)+IF(K16<30,3,IF(K16<60,2,IF(K16<100,1,0)))+IF(L16="",2,IF(L16="Active",0,1))+IF(M16<10,2,IF(M16<20,1,0))+IF(N16="N",2,IF(N16="Outdated",1,0))+IF(O16="Y",0,1)+IF(P16<500,2,IF(P16<1000,1,0))+IF(Q16="",1,0)+IF(R16="N",2,0) | T16: =IF(S16>=10,"🔥 HOT",IF(S16>=6,"✅ OPPORTUNITY","⏭️ SKIP"))
A17: 14 | S17: =IF(J17="Y",1,0)+IF(K17<30,3,IF(K17<60,2,IF(K17<100,1,0)))+IF(L17="",2,IF(L17="Active",0,1))+IF(M17<10,2,IF(M17<20,1,0))+IF(N17="N",2,IF(N17="Outdated",1,0))+IF(O17="Y",0,1)+IF(P17<500,2,IF(P17<1000,1,0))+IF(Q17="",1,0)+IF(R17="N",2,0) | T17: =IF(S17>=10,"🔥 HOT",IF(S17>=6,"✅ OPPORTUNITY","⏭️ SKIP"))
A18: 15 | S18: =IF(J18="Y",1,0)+IF(K18<30,3,IF(K18<60,2,IF(K18<100,1,0)))+IF(L18="",2,IF(L18="Active",0,1))+IF(M18<10,2,IF(M18<20,1,0))+IF(N18="N",2,IF(N18="Outdated",1,0))+IF(O18="Y",0,1)+IF(P18<500,2,IF(P18<1000,1,0))+IF(Q18="",1,0)+IF(R18="N",2,0) | T18: =IF(S18>=10,"🔥 HOT",IF(S18>=6,"✅ OPPORTUNITY","⏭️ SKIP"))
... A33: 30 | S33: =IF(J33="Y",1,0)+IF(K33<30,3,IF(K33<60,2,IF(K33<100,1,0)))+IF(L33="",2,IF(L33="Active",0,1))+IF(M33<10,2,IF(M33<20,1,0))+IF(N33="N",2,IF(N33="Outdated",1,0))+IF(O33="Y",0,1)+IF(P33<500,2,IF(P33<1000,1,0))+IF(Q33="",1,0)+IF(R33="N",2,0) | T33: =IF(S33>=10,"🔥 HOT",IF(S33>=6,"✅ OPPORTUNITY","⏭️ SKIP"))

Sheet AUDIT GUIDE
A1: BABILA'S 5-MINUTE AUDIT GUIDE
A2: FIELD | B2: HOW TO CHECK | C2: TIME
A3: GMB Exists | B3: Google '[Clinic Name] Pondicherry' — does a GMB card appear? | C3: 30 sec
A4: GMB Reviews | B4: Count in the GMB card | C4: 30 sec
A5: GMB Last Post | B5: Click 'Posts' in GMB — when was last post? | C5: 30 sec
A6: GMB Photos | B6: Count photos in GMB gallery | C6: 30 sec
A7: Website | B7: Click website link in GMB — does it work? | C7: 30 sec
A8: Instagram | B8: Search @clinicname on Instagram | C8: 30 sec
A9: Instagram Followers | B9: Check follower count | C9: 10 sec
A10: Instagram Last Post | B10: When was the last post? | C10: 10 sec
A11: Running Ads | B11: Scroll their Instagram — 'Sponsored' tag = Yes | C11: 30 sec
A13: GRADE | B13: SCORE | C13: ACTION
A14: 🔥 HOT | B14: 10-15 points | C14: Priority outreach — WA M1 same day
... A16: ⏭️ SKIP | B16: 0-4 points | C16: Already strong online — skip for now
A18: SCORE EXPLAINED
A19: GMB has <30 reviews | B19: +3 points | C19: Low reviews = losing patients
A20: GMB inactive (no posts) | B20: +2 points | C20: Dead GMB = invisible to Google
A21: Less than 10 photos | B21: +2 points | C21: No photos = low trust
A22: No website | B22: +2 points | C22: Missing key trust signal
A23: No Instagram | B23: +1 point | C23: Missing social presence
A24: Not running ads | B24: +2 points | C24: No paid visibility

Sheet DASHBOARD
A1: TECHX CLINICS — AUDIT DASHBOARD
A3: Total Clinics Audited | B3: =COUNTA(TECHX_Clinics!B4:B33)
A4: 🔥 HOT Clinics | B4: =COUNTIF(TECHX_Clinics!T4:T33,"🔥 HOT")
A5: ✅ OPPORTUNITY | B5: =COUNTIF(TECHX_Clinics!T4:T33,"✅ OPPORTUNITY")
A6: ⏭️ SKIP | B6: =COUNTIF(TECHX_Clinics!T4:T33,"⏭️ SKIP")
A7: WA M1 Sent | B7: =COUNTIF(TECHX_Clinics!U4:U33,"<>")
A8: Replied | B8: =COUNTIF(TECHX_Clinics!Y4:Y33,"Yes")
A9: Proposal Sent | B9: =COUNTIF(TECHX_Clinics!AA4:AA33,"Yes")
A10: Closed Won | B10: =COUNTIF(TECHX_Clinics!AC4:AC33,"Closed Won")
